diagnosis,radius_mean,texture_mean,perimeter_mean,area_mean,smoothness_mean,compactness_mean,concavity_mean,concave points_mean,symmetry_mean,fractal_dimension_mean,radius_se,texture_se,perimeter_se,area_se,smoothness_se,compactness_se,concavity_se,concave points_se,symmetry_se,fractal_dimension_se,radius_worst,texture_worst,perimeter_worst,area_worst,smoothness_worst,compactness_worst,concavity_worst,concave points_worst,symmetry_worst,fractal_dimension_worst
B,11.85,17.46,75.54,432.7,0.08372,0.05642,0.02688,0.0228,0.1875,0.05715,0.207,1.238,1.234,13.88,0.007595,0.015,0.01412,0.008578,0.01792,0.001784,13.06,25.75,84.35,517.8,0.1369,0.1758,0.1316,0.0914,0.3101,0.07007
B,12.46,12.83,78.83,477.3,0.07372,0.04043,0.007173,0.01149,0.1613,0.06013,0.3276,1.486,2.108,24.6,0.01039,0.01003,0.006416,0.007895,0.02869,0.004821,13.19,16.36,83.24,534.0,0.09439,0.06477,0.01674,0.0268,0.228,0.07028
B,12.58,18.4,79.83,489.0,0.08393,0.04216,0.00186,0.002924,0.1697,0.05855,0.2719,1.35,1.721,22.45,0.006383,0.008008,0.00186,0.002924,0.02571,0.002015,13.5,23.08,85.56,564.1,0.1038,0.06624,0.005579,0.008772,0.2505,0.06431
M,15.78,22.91,105.7,782.6,0.1155,0.1752,0.2133,0.09479,0.2096,0.07331,0.552,1.072,3.598,58.63,0.008699,0.03976,0.0595,0.0139,0.01495,0.005984,20.19,30.5,130.3,1272.0,0.1855,0.4925,0.7356,0.2034,0.3274,0.1252
M,17.01,20.26,109.7,904.3,0.08772,0.07304,0.0695,0.0539,0.2026,0.05223,0.5858,0.8554,4.106,68.46,0.005038,0.01503,0.01946,0.01123,0.02294,0.002581,19.8,25.05,130.0,1210.0,0.1111,0.1486,0.1932,0.1096,0.3275,0.06469
M,21.09,26.57,142.7,1311.0,0.1141,0.2832,0.2487,0.1496,0.2395,0.07398,0.6298,0.7629,4.414,81.46,0.004253,0.04759,0.03872,0.01567,0.01798,0.005295,26.68,33.48,176.5,2089.0,0.1491,0.7584,0.678,0.2903,0.4098,0.1284
M,18.22,18.87,118.7,1027.0,0.09746,0.1117,0.113,0.0795,0.1807,0.05664,0.4041,0.5503,2.547,48.9,0.004821,0.01659,0.02408,0.01143,0.01275,0.002451,21.84,25.0,140.9,1485.0,0.1434,0.2763,0.3853,0.1776,0.2812,0.08198
B,11.87,21.54,76.83,432.0,0.06613,0.1064,0.08777,0.02386,0.1349,0.06612,0.256,1.554,1.955,20.24,0.006854,0.06063,0.06663,0.01553,0.02354,0.008925,12.79,28.18,83.51,507.2,0.09457,0.3399,0.3218,0.0875,0.2305,0.09952
M,17.19,22.07,111.6,928.3,0.09726,0.08995,0.09061,0.06527,0.1867,0.0558,0.4203,0.7383,2.819,45.42,0.004493,0.01206,0.02048,0.009875,0.01144,0.001575,21.58,29.33,140.5,1436.0,0.1558,0.2567,0.3889,0.1984,0.3216,0.0757
M,19.27,26.47,127.9,1162.0,0.09401,0.1719,0.1657,0.07593,0.1853,0.06261,0.5558,0.6062,3.528,68.17,0.005015,0.03318,0.03497,0.009643,0.01543,0.003896,24.15,30.9,161.4,1813.0,0.1509,0.659,0.6091,0.1785,0.3672,0.1123
M,16.6,28.08,108.3,858.1,0.08455,0.1023,0.09251,0.05302,0.159,0.05648,0.4564,1.075,3.425,48.55,0.005903,0.03731,0.0473,0.01557,0.01318,0.003892,18.98,34.12,126.7,1124.0,0.1139,0.3094,0.3403,0.1418,0.2218,0.0782
M,17.29,22.13,114.4,947.8,0.08999,0.1273,0.09697,0.07507,0.2108,0.05464,0.8348,1.633,6.146,90.94,0.006717,0.05981,0.04638,0.02149,0.02747,0.005838,20.39,27.24,137.9,1295.0,0.1134,0.2867,0.2298,0.1528,0.3067,0.07484
B,9.787,19.94,62.11,294.5,0.1024,0.05301,0.006829,0.007937,0.135,0.0689,0.335,2.043,2.132,20.05,0.01113,0.01463,0.005308,0.00525,0.01801,0.005667,10.92,26.29,68.81,366.1,0.1316,0.09473,0.02049,0.02381,0.1934,0.08988
M,14.87,16.67,98.64,682.5,0.1162,0.1649,0.169,0.08923,0.2157,0.06768,0.4266,0.9489,2.989,41.18,0.006985,0.02563,0.03011,0.01271,0.01602,0.003884,18.81,27.37,127.1,1095.0,0.1878,0.448,0.4704,0.2027,0.3585,0.1065
B,11.69,24.44,76.37,406.4,0.1236,0.1552,0.04515,0.04531,0.2131,0.07405,0.2957,1.978,2.158,20.95,0.01288,0.03495,0.01865,0.01766,0.0156,0.005824,12.98,32.19,86.12,487.7,0.1768,0.3251,0.1395,0.1308,0.2803,0.0997
M,19.02,24.59,122.0,1076.0,0.09029,0.1206,0.1468,0.08271,0.1953,0.05629,0.5495,0.6636,3.055,57.65,0.003872,0.01842,0.0371,0.012,0.01964,0.003337,24.56,30.41,152.9,1623.0,0.1249,0.3206,0.5755,0.1956,0.3956,0.09288
B,12.95,16.02,83.14,513.7,0.1005,0.07943,0.06155,0.0337,0.173,0.0647,0.2094,0.7636,1.231,17.67,0.008725,0.02003,0.02335,0.01132,0.02625,0.004726,13.74,19.93,88.81,585.4,0.1483,0.2068,0.2241,0.1056,0.338,0.09584
B,8.571,13.1,54.53,221.3,0.1036,0.07632,0.02565,0.0151,0.1678,0.07126,0.1267,0.6793,1.069,7.254,0.007897,0.01762,0.01801,0.00732,0.01592,0.003925,9.473,18.45,63.3,275.6,0.1641,0.2235,0.1754,0.08512,0.2983,0.1049
M,23.51,24.27,155.1,1747.0,0.1069,0.1283,0.2308,0.141,0.1797,0.05506,1.009,0.9245,6.462,164.1,0.006292,0.01971,0.03582,0.01301,0.01479,0.003118,30.67,30.73,202.4,2906.0,0.1515,0.2678,0.4819,0.2089,0.2593,0.07738
M,17.3,17.08,113.0,928.2,0.1008,0.1041,0.1266,0.08353,0.1813,0.05613,0.3093,0.8568,2.193,33.63,0.004757,0.01503,0.02332,0.01262,0.01394,0.002362,19.85,25.09,130.9,1222.0,0.1416,0.2405,0.3378,0.1857,0.3138,0.08113
B,14.47,24.99,95.81,656.4,0.08837,0.123,0.1009,0.0389,0.1872,0.06341,0.2542,1.079,2.615,23.11,0.007138,0.04653,0.03829,0.01162,0.02068,0.006111,16.22,31.73,113.5,808.9,0.134,0.4202,0.404,0.1205,0.3187,0.1023
B,9.72,18.22,60.73,288.1,0.0695,0.02344,0.0,0.0,0.1653,0.06447,0.3539,4.885,2.23,21.69,0.001713,0.006736,0.0,0.0,0.03799,0.001688,9.968,20.83,62.25,303.8,0.07117,0.02729,0.0,0.0,0.1909,0.06559
M,15.3,25.27,102.4,732.4,0.1082,0.1697,0.1683,0.08751,0.1926,0.0654,0.439,1.012,3.498,43.5,0.005233,0.03057,0.03576,0.01083,0.01768,0.002967,20.27,36.71,149.3,1269.0,0.1641,0.611,0.6335,0.2024,0.4027,0.09876
M,23.09,19.83,152.1,1682.0,0.09342,0.1275,0.1676,0.1003,0.1505,0.05484,1.291,0.7452,9.635,180.2,0.005753,0.03356,0.03976,0.02156,0.02201,0.002897,30.79,23.87,211.5,2782.0,0.1199,0.3625,0.3794,0.2264,0.2908,0.07277
B,11.51,23.93,74.52,403.5,0.09261,0.1021,0.1112,0.04105,0.1388,0.0657,0.2388,2.904,1.936,16.97,0.0082,0.02982,0.05738,0.01267,0.01488,0.004738,12.48,37.16,82.28,474.2,0.1298,0.2517,0.363,0.09653,0.2112,0.08732
M,19.89,20.26,130.5,1214.0,0.1037,0.131,0.1411,0.09431,0.1802,0.06188,0.5079,0.8737,3.654,59.7,0.005089,0.02303,0.03052,0.01178,0.01057,0.003391,23.73,25.23,160.5,1646.0,0.1417,0.3309,0.4185,0.1613,0.2549,0.09136
M,19.53,32.47,128.0,1223.0,0.0842,0.113,0.1145,0.06637,0.1428,0.05313,0.7392,1.321,4.722,109.9,0.005539,0.02644,0.02664,0.01078,0.01332,0.002256,27.9,45.41,180.2,2477.0,0.1408,0.4097,0.3995,0.1625,0.2713,0.07568
B,15.71,13.93,102.0,761.7,0.09462,0.09462,0.07135,0.05933,0.1816,0.05723,0.3117,0.8155,1.972,27.94,0.005217,0.01515,0.01678,0.01268,0.01669,0.00233,17.5,19.25,114.3,922.8,0.1223,0.1949,0.1709,0.1374,0.2723,0.07071
M,13.77,22.29,90.63,588.9,0.12,0.1267,0.1385,0.06526,0.1834,0.06877,0.6191,2.112,4.906,49.7,0.0138,0.03348,0.04665,0.0206,0.02689,0.004306,16.39,34.01,111.6,806.9,0.1737,0.3122,0.3809,0.1673,0.308,0.09333
B,9.405,21.7,59.6,271.2,0.1044,0.06159,0.02047,0.01257,0.2025,0.06601,0.4302,2.878,2.759,25.17,0.01474,0.01674,0.01367,0.008674,0.03044,0.00459,10.85,31.24,68.73,359.4,0.1526,0.1193,0.06141,0.0377,0.2872,0.08304
M,16.25,19.51,109.8,815.8,0.1026,0.1893,0.2236,0.09194,0.2151,0.06578,0.3147,0.9857,3.07,33.12,0.009197,0.0547,0.08079,0.02215,0.02773,0.006355,17.39,23.05,122.1,939.7,0.1377,0.4462,0.5897,0.1775,0.3318,0.09136
M,14.22,23.12,94.37,609.9,0.1075,0.2413,0.1981,0.06618,0.2384,0.07542,0.286,2.11,2.112,31.72,0.00797,0.1354,0.1166,0.01666,0.05113,0.01172,15.74,37.18,106.4,762.4,0.1533,0.9327,0.8488,0.1772,0.5166,0.1446
B,11.64,18.33,75.17,412.5,0.1142,0.1017,0.0707,0.03485,0.1801,0.0652,0.306,1.657,2.155,20.62,0.00854,0.0231,0.02945,0.01398,0.01565,0.00384,13.14,29.26,85.51,521.7,0.1688,0.266,0.2873,0.1218,0.2806,0.09097
M,14.68,20.13,94.74,684.5,0.09867,0.072,0.07395,0.05259,0.1586,0.05922,0.4727,1.24,3.195,45.4,0.005718,0.01162,0.01998,0.01109,0.0141,0.002085,19.07,30.88,123.4,1138.0,0.1464,0.1871,0.2914,0.1609,0.3029,0.08216
B,14.34,13.47,92.51,641.2,0.09906,0.07624,0.05724,0.04603,0.2075,0.05448,0.522,0.8121,3.763,48.29,0.007089,0.01428,0.0236,0.01286,0.02266,0.001463,16.77,16.9,110.4,873.2,0.1297,0.1525,0.1632,0.1087,0.3062,0.06072
M,20.13,28.25,131.2,1261.0,0.0978,0.1034,0.144,0.09791,0.1752,0.05533,0.7655,2.463,5.203,99.04,0.005769,0.02423,0.0395,0.01678,0.01898,0.002498,23.69,38.25,155.0,1731.0,0.1166,0.1922,0.3215,0.1628,0.2572,0.06637
B,15.73,11.28,102.8,747.2,0.1043,0.1299,0.1191,0.06211,0.1784,0.06259,0.163,0.3871,1.143,13.87,0.006034,0.0182,0.03336,0.01067,0.01175,0.002256,17.01,14.2,112.5,854.3,0.1541,0.2979,0.4004,0.1452,0.2557,0.08181
B,11.5,18.45,73.28,407.4,0.09345,0.05991,0.02638,0.02069,0.1834,0.05934,0.3927,0.8429,2.684,26.99,0.00638,0.01065,0.01245,0.009175,0.02292,0.001461,12.97,22.46,83.12,508.9,0.1183,0.1049,0.08105,0.06544,0.274,0.06487
M,20.09,23.86,134.7,1247.0,0.108,0.1838,0.2283,0.128,0.2249,0.07469,1.072,1.743,7.804,130.8,0.007964,0.04732,0.07649,0.01936,0.02736,0.005928,23.68,29.43,158.8,1696.0,0.1347,0.3391,0.4932,0.1923,0.3294,0.09469
M,20.64,17.35,134.8,1335.0,0.09446,0.1076,0.1527,0.08941,0.1571,0.05478,0.6137,0.6575,4.119,77.02,0.006211,0.01895,0.02681,0.01232,0.01276,0.001711,25.37,23.17,166.8,1946.0,0.1562,0.3055,0.4159,0.2112,0.2689,0.07055
M,19.07,24.81,128.3,1104.0,0.09081,0.219,0.2107,0.09961,0.231,0.06343,0.9811,1.666,8.83,104.9,0.006548,0.1006,0.09723,0.02638,0.05333,0.007646,24.09,33.17,177.4,1651.0,0.1247,0.7444,0.7242,0.2493,0.467,0.1038
M,13.61,24.69,87.76,572.6,0.09258,0.07862,0.05285,0.03085,0.1761,0.0613,0.231,1.005,1.752,19.83,0.004088,0.01174,0.01796,0.00688,0.01323,0.001465,16.89,35.64,113.2,848.7,0.1471,0.2884,0.3796,0.1329,0.347,0.079
M,17.75,28.03,117.3,981.6,0.09997,0.1314,0.1698,0.08293,0.1713,0.05916,0.3897,1.077,2.873,43.95,0.004714,0.02015,0.03697,0.0111,0.01237,0.002556,21.53,38.54,145.4,1437.0,0.1401,0.3762,0.6399,0.197,0.2972,0.09075
B,12.94,16.17,83.18,507.6,0.09879,0.08836,0.03296,0.0239,0.1735,0.062,0.1458,0.905,0.9975,11.36,0.002887,0.01285,0.01613,0.007308,0.0187,0.001972,13.86,23.02,89.69,580.9,0.1172,0.1958,0.181,0.08388,0.3297,0.07834
M,17.54,19.32,115.1,951.6,0.08968,0.1198,0.1036,0.07488,0.1506,0.05491,0.3971,0.8282,3.088,40.73,0.00609,0.02569,0.02713,0.01345,0.01594,0.002658,20.42,25.84,139.5,1239.0,0.1381,0.342,0.3508,0.1939,0.2928,0.07867
M,23.27,22.04,152.1,1686.0,0.08439,0.1145,0.1324,0.09702,0.1801,0.05553,0.6642,0.8561,4.603,97.85,0.00491,0.02544,0.02822,0.01623,0.01956,0.00374,28.01,28.22,184.2,2403.0,0.1228,0.3583,0.3948,0.2346,0.3589,0.09187
B,11.94,18.24,75.71,437.6,0.08261,0.04751,0.01972,0.01349,0.1868,0.0611,0.2273,0.6329,1.52,17.47,0.00721,0.00838,0.01311,0.008,0.01996,0.002635,13.1,21.33,83.67,527.2,0.1144,0.08906,0.09203,0.06296,0.2785,0.07408
M,19.4,18.18,127.2,1145.0,0.1037,0.1442,0.1626,0.09464,0.1893,0.05892,0.4709,0.9951,2.903,53.16,0.005654,0.02199,0.03059,0.01499,0.01623,0.001965,23.79,28.65,152.4,1628.0,0.1518,0.3749,0.4316,0.2252,0.359,0.07787
B,10.57,20.22,70.15,338.3,0.09073,0.166,0.228,0.05941,0.2188,0.0845,0.1115,1.231,2.363,7.228,0.008499,0.07643,0.1535,0.02919,0.01617,0.0122,10.85,22.82,76.51,351.9,0.1143,0.3619,0.603,0.1465,0.2597,0.12
M,11.8,16.58,78.99,432.0,0.1091,0.17,0.1659,0.07415,0.2678,0.07371,0.3197,1.426,2.281,24.72,0.005427,0.03633,0.04649,0.01843,0.05628,0.004635,13.74,26.38,91.93,591.7,0.1385,0.4092,0.4504,0.1865,0.5774,0.103
M,20.34,21.51,135.9,1264.0,0.117,0.1875,0.2565,0.1504,0.2569,0.0667,0.5702,1.023,4.012,69.06,0.005485,0.02431,0.0319,0.01369,0.02768,0.003345,25.3,31.86,171.1,1938.0,0.1592,0.4492,0.5344,0.2685,0.5558,0.1024
M,19.79,25.12,130.4,1192.0,0.1015,0.1589,0.2545,0.1149,0.2202,0.06113,0.4953,1.199,2.765,63.33,0.005033,0.03179,0.04755,0.01043,0.01578,0.003224,22.63,33.58,148.7,1589.0,0.1275,0.3861,0.5673,0.1732,0.3305,0.08465
M,19.81,22.15,130.0,1260.0,0.09831,0.1027,0.1479,0.09498,0.1582,0.05395,0.7582,1.017,5.865,112.4,0.006494,0.01893,0.03391,0.01521,0.01356,0.001997,27.32,30.88,186.8,2398.0,0.1512,0.315,0.5372,0.2388,0.2768,0.07615
M,19.44,18.82,128.1,1167.0,0.1089,0.1448,0.2256,0.1194,0.1823,0.06115,0.5659,1.408,3.631,67.74,0.005288,0.02833,0.04256,0.01176,0.01717,0.003211,23.96,30.39,153.9,1740.0,0.1514,0.3725,0.5936,0.206,0.3266,0.09009
M,12.46,24.04,83.97,475.9,0.1186,0.2396,0.2273,0.08543,0.203,0.08243,0.2976,1.599,2.039,23.94,0.007149,0.07217,0.07743,0.01432,0.01789,0.01008,15.09,40.68,97.65,711.4,0.1853,1.058,1.105,0.221,0.4366,0.2075
B,13.34,15.86,86.49,520.0,0.1078,0.1535,0.1169,0.06987,0.1942,0.06902,0.286,1.016,1.535,12.96,0.006794,0.03575,0.0398,0.01383,0.02134,0.004603,15.53,23.19,96.66,614.9,0.1536,0.4791,0.4858,0.1708,0.3527,0.1016
M,19.21,18.57,125.5,1152.0,0.1053,0.1267,0.1323,0.08994,0.1917,0.05961,0.7275,1.193,4.837,102.5,0.006458,0.02306,0.02945,0.01538,0.01852,0.002608,26.14,28.14,170.1,2145.0,0.1624,0.3511,0.3879,0.2091,0.3537,0.08294
B,11.3,18.19,73.93,389.4,0.09592,0.1325,0.1548,0.02854,0.2054,0.07669,0.2428,1.642,2.369,16.39,0.006663,0.05914,0.0888,0.01314,0.01995,0.008675,12.58,27.96,87.16,472.9,0.1347,0.4848,0.7436,0.1218,0.3308,0.1297
M,17.27,25.42,112.4,928.8,0.08331,0.1109,0.1204,0.05736,0.1467,0.05407,0.51,1.679,3.283,58.38,0.008109,0.04308,0.04942,0.01742,0.01594,0.003739,20.38,35.46,132.8,1284.0,0.1436,0.4122,0.5036,0.1739,0.25,0.07944
B,11.71,17.19,74.68,420.3,0.09774,0.06141,0.03809,0.03239,0.1516,0.06095,0.2451,0.7655,1.742,17.86,0.006905,0.008704,0.01978,0.01185,0.01897,0.001671,13.01,21.39,84.42,521.5,0.1323,0.104,0.1521,0.1099,0.2572,0.07097
B,9.173,13.86,59.2,260.9,0.07721,0.08751,0.05988,0.0218,0.2341,0.06963,0.4098,2.265,2.608,23.52,0.008738,0.03938,0.04312,0.0156,0.04192,0.005822,10.01,19.23,65.59,310.1,0.09836,0.1678,0.1397,0.05087,0.3282,0.0849
B,12.8,17.46,83.05,508.3,0.08044,0.08895,0.0739,0.04083,0.1574,0.0575,0.3639,1.265,2.668,30.57,0.005421,0.03477,0.04545,0.01384,0.01869,0.004067,13.74,21.06,90.72,591.0,0.09534,0.1812,0.1901,0.08296,0.1988,0.07053
B,11.71,16.67,74.72,423.6,0.1051,0.06095,0.03592,0.026,0.1339,0.05945,0.4489,2.508,3.258,34.37,0.006578,0.0138,0.02662,0.01307,0.01359,0.003707,13.33,25.48,86.16,546.7,0.1271,0.1028,0.1046,0.06968,0.1712,0.07343
M,19.45,19.33,126.5,1169.0,0.1035,0.1188,0.1379,0.08591,0.1776,0.05647,0.5959,0.6342,3.797,71.0,0.004649,0.018,0.02749,0.01267,0.01365,0.00255,25.7,24.57,163.1,1972.0,0.1497,0.3161,0.4317,0.1999,0.3379,0.0895
B,14.06,17.18,89.75,609.1,0.08045,0.05361,0.02681,0.03251,0.1641,0.05764,0.1504,1.685,1.237,12.67,0.005371,0.01273,0.01132,0.009155,0.01719,0.001444,14.92,25.34,96.42,684.5,0.1066,0.1231,0.0846,0.07911,0.2523,0.06609
B,13.47,14.06,87.32,546.3,0.1071,0.1155,0.05786,0.05266,0.1779,0.06639,0.1588,0.5733,1.102,12.84,0.00445,0.01452,0.01334,0.008791,0.01698,0.002787,14.83,18.32,94.94,660.2,0.1393,0.2499,0.1848,0.1335,0.3227,0.09326
M,19.19,15.94,126.3,1157.0,0.08694,0.1185,0.1193,0.09667,0.1741,0.05176,1.0,0.6336,6.971,119.3,0.009406,0.03055,0.04344,0.02794,0.03156,0.003362,22.03,17.81,146.6,1495.0,0.1124,0.2016,0.2264,0.1777,0.2443,0.06251
B,12.89,15.7,84.08,516.6,0.07818,0.0958,0.1115,0.0339,0.1432,0.05935,0.2913,1.389,2.347,23.29,0.006418,0.03961,0.07927,0.01774,0.01878,0.003696,13.9,19.69,92.12,595.6,0.09926,0.2317,0.3344,0.1017,0.1999,0.07127
B,13.87,20.7,89.77,584.8,0.09578,0.1018,0.03688,0.02369,0.162,0.06688,0.272,1.047,2.076,23.12,0.006298,0.02172,0.02615,0.009061,0.0149,0.003599,15.05,24.75,99.17,688.6,0.1264,0.2037,0.1377,0.06845,0.2249,0.08492
B,12.05,14.63,78.04,449.3,0.1031,0.09092,0.06592,0.02749,0.1675,0.06043,0.2636,0.7294,1.848,19.87,0.005488,0.01427,0.02322,0.00566,0.01428,0.002422,13.76,20.7,89.88,582.6,0.1494,0.2156,0.305,0.06548,0.2747,0.08301
B,16.84,19.46,108.4,880.2,0.07445,0.07223,0.0515,0.02771,0.1844,0.05268,0.4789,2.06,3.479,46.61,0.003443,0.02661,0.03056,0.0111,0.0152,0.001519,18.22,28.07,120.3,1032.0,0.08774,0.171,0.1882,0.08436,0.2527,0.05972
M,21.71,17.25,140.9,1546.0,0.09384,0.08562,0.1168,0.08465,0.1717,0.05054,1.207,1.051,7.733,224.1,0.005568,0.01112,0.02096,0.01197,0.01263,0.001803,30.75,26.44,199.5,3143.0,0.1363,0.1628,0.2861,0.182,0.251,0.06494
B,11.61,16.02,75.46,408.2,0.1088,0.1168,0.07097,0.04497,0.1886,0.0632,0.2456,0.7339,1.667,15.89,0.005884,0.02005,0.02631,0.01304,0.01848,0.001982,12.64,19.67,81.93,475.7,0.1415,0.217,0.2302,0.1105,0.2787,0.07427
M,18.08,21.84,117.4,1024.0,0.07371,0.08642,0.1103,0.05778,0.177,0.0534,0.6362,1.305,4.312,76.36,0.00553,0.05296,0.0611,0.01444,0.0214,0.005036,19.76,24.7,129.1,1228.0,0.08822,0.1963,0.2535,0.09181,0.2369,0.06558
B,10.51,20.19,68.64,334.2,0.1122,0.1303,0.06476,0.03068,0.1922,0.07782,0.3336,1.86,2.041,19.91,0.01188,0.03747,0.04591,0.01544,0.02287,0.006792,11.16,22.75,72.62,374.4,0.13,0.2049,0.1295,0.06136,0.2383,0.09026
B,11.43,15.39,73.06,399.8,0.09639,0.06889,0.03503,0.02875,0.1734,0.05865,0.1759,0.9938,1.143,12.67,0.005133,0.01521,0.01434,0.008602,0.01501,0.001588,12.32,22.02,79.93,462.0,0.119,0.1648,0.1399,0.08476,0.2676,0.06765
B,11.27,15.5,73.38,392.0,0.08365,0.1114,0.1007,0.02757,0.181,0.07252,0.3305,1.067,2.569,22.97,0.01038,0.06669,0.09472,0.02047,0.01219,0.01233,12.04,18.93,79.73,450.0,0.1102,0.2809,0.3021,0.08272,0.2157,0.1043
M,20.58,22.14,134.7,1290.0,0.0909,0.1348,0.164,0.09561,0.1765,0.05024,0.8601,1.48,7.029,111.7,0.008124,0.03611,0.05489,0.02765,0.03176,0.002365,23.24,27.84,158.3,1656.0,0.1178,0.292,0.3861,0.192,0.2909,0.05865
B,11.6,24.49,74.23,417.2,0.07474,0.05688,0.01974,0.01313,0.1935,0.05878,0.2512,1.786,1.961,18.21,0.006122,0.02337,0.01596,0.006998,0.03194,0.002211,12.44,31.62,81.39,476.5,0.09545,0.1361,0.07239,0.04815,0.3244,0.06745
B,10.65,25.22,68.01,347.0,0.09657,0.07234,0.02379,0.01615,0.1897,0.06329,0.2497,1.493,1.497,16.64,0.007189,0.01035,0.01081,0.006245,0.02158,0.002619,12.25,35.19,77.98,455.7,0.1499,0.1398,0.1125,0.06136,0.3409,0.08147
B,14.4,26.99,92.25,646.1,0.06995,0.05223,0.03476,0.01737,0.1707,0.05433,0.2315,0.9112,1.727,20.52,0.005356,0.01679,0.01971,0.00637,0.01414,0.001892,15.4,31.98,100.4,734.6,0.1017,0.146,0.1472,0.05563,0.2345,0.06464
B,11.22,33.81,70.79,386.8,0.0778,0.03574,0.004967,0.006434,0.1845,0.05828,0.2239,1.647,1.489,15.46,0.004359,0.006813,0.003223,0.003419,0.01916,0.002534,12.36,41.78,78.44,470.9,0.09994,0.06885,0.02318,0.03002,0.2911,0.07307
M,18.31,18.58,118.6,1041.0,0.08588,0.08468,0.08169,0.05814,0.1621,0.05425,0.2577,0.4757,1.817,28.92,0.002866,0.009181,0.01412,0.006719,0.01069,0.001087,21.31,26.36,139.2,1410.0,0.1234,0.2445,0.3538,0.1571,0.3206,0.06938
M,14.9,22.53,102.1,685.0,0.09947,0.2225,0.2733,0.09711,0.2041,0.06898,0.253,0.8749,3.466,24.19,0.006965,0.06213,0.07926,0.02234,0.01499,0.005784,16.35,27.57,125.4,832.7,0.1419,0.709,0.9019,0.2475,0.2866,0.1155
M,17.91,21.02,124.4,994.0,0.123,0.2576,0.3189,0.1198,0.2113,0.07115,0.403,0.7747,3.123,41.51,0.007159,0.03718,0.06165,0.01051,0.01591,0.005099,20.8,27.78,149.6,1304.0,0.1873,0.5917,0.9034,0.1964,0.3245,0.1198
B,13.9,19.24,88.73,602.9,0.07991,0.05326,0.02995,0.0207,0.1579,0.05594,0.3316,0.9264,2.056,28.41,0.003704,0.01082,0.0153,0.006275,0.01062,0.002217,16.41,26.42,104.4,830.5,0.1064,0.1415,0.1673,0.0815,0.2356,0.07603
M,20.18,23.97,143.7,1245.0,0.1286,0.3454,0.3754,0.1604,0.2906,0.08142,0.9317,1.885,8.649,116.4,0.01038,0.06835,0.1091,0.02593,0.07895,0.005987,23.37,31.72,170.3,1623.0,0.1639,0.6164,0.7681,0.2508,0.544,0.09964
M,17.93,24.48,115.2,998.9,0.08855,0.07027,0.05699,0.04744,0.1538,0.0551,0.4212,1.433,2.765,45.81,0.005444,0.01169,0.01622,0.008522,0.01419,0.002751,20.92,34.69,135.1,1320.0,0.1315,0.1806,0.208,0.1136,0.2504,0.07948
M,20.92,25.09,143.0,1347.0,0.1099,0.2236,0.3174,0.1474,0.2149,0.06879,0.9622,1.026,8.758,118.8,0.006399,0.0431,0.07845,0.02624,0.02057,0.006213,24.29,29.41,179.1,1819.0,0.1407,0.4186,0.6599,0.2542,0.2929,0.09873
B,11.2,29.37,70.67,386.0,0.07449,0.03558,0.0,0.0,0.106,0.05502,0.3141,3.896,2.041,22.81,0.007594,0.008878,0.0,0.0,0.01989,0.001773,11.92,38.3,75.19,439.6,0.09267,0.05494,0.0,0.0,0.1566,0.05905
B,13.27,14.76,84.74,551.7,0.07355,0.05055,0.03261,0.02648,0.1386,0.05318,0.4057,1.153,2.701,36.35,0.004481,0.01038,0.01358,0.01082,0.01069,0.001435,16.36,22.35,104.5,830.6,0.1006,0.1238,0.135,0.1001,0.2027,0.06206
B,10.05,17.53,64.41,310.8,0.1007,0.07326,0.02511,0.01775,0.189,0.06331,0.2619,2.015,1.778,16.85,0.007803,0.01449,0.0169,0.008043,0.021,0.002778,11.16,26.84,71.98,384.0,0.1402,0.1402,0.1055,0.06499,0.2894,0.07664
B,13.53,10.94,87.91,559.2,0.1291,0.1047,0.06877,0.06556,0.2403,0.06641,0.4101,1.014,2.652,32.65,0.0134,0.02839,0.01162,0.008239,0.02572,0.006164,14.08,12.49,91.36,605.5,0.1451,0.1379,0.08539,0.07407,0.271,0.07191
B,10.86,21.48,68.51,360.5,0.07431,0.04227,0.0,0.0,0.1661,0.05948,0.3163,1.304,2.115,20.67,0.009579,0.01104,0.0,0.0,0.03004,0.002228,11.66,24.77,74.08,412.3,0.1001,0.07348,0.0,0.0,0.2458,0.06592
M,12.77,22.47,81.72,506.3,0.09055,0.05761,0.04711,0.02704,0.1585,0.06065,0.2367,1.38,1.457,19.87,0.007499,0.01202,0.02332,0.00892,0.01647,0.002629,14.49,33.37,92.04,653.6,0.1419,0.1523,0.2177,0.09331,0.2829,0.08067
B,11.08,14.71,70.21,372.7,0.1006,0.05743,0.02363,0.02583,0.1566,0.06669,0.2073,1.805,1.377,19.08,0.01496,0.02121,0.01453,0.01583,0.03082,0.004785,11.35,16.82,72.01,396.5,0.1216,0.0824,0.03938,0.04306,0.1902,0.07313
B,8.734,16.84,55.27,234.3,0.1039,0.07428,0.0,0.0,0.1985,0.07098,0.5169,2.079,3.167,28.85,0.01582,0.01966,0.0,0.0,0.01865,0.006736,10.17,22.8,64.01,317.0,0.146,0.131,0.0,0.0,0.2445,0.08865
M,14.54,27.54,96.73,658.8,0.1139,0.1595,0.1639,0.07364,0.2303,0.07077,0.37,1.033,2.879,32.55,0.005607,0.0424,0.04741,0.0109,0.01857,0.005466,17.46,37.13,124.1,943.2,0.1678,0.6577,0.7026,0.1712,0.4218,0.1341
B,12.65,18.17,82.69,485.6,0.1076,0.1334,0.08017,0.05074,0.1641,0.06854,0.2324,0.6332,1.696,18.4,0.005704,0.02502,0.02636,0.01032,0.01759,0.003563,14.38,22.15,95.29,633.7,0.1533,0.3842,0.3582,0.1407,0.323,0.1033
B,9.777,16.99,62.5,290.2,0.1037,0.08404,0.04334,0.01778,0.1584,0.07065,0.403,1.424,2.747,22.87,0.01385,0.02932,0.02722,0.01023,0.03281,0.004638,11.05,21.47,71.68,367.0,0.1467,0.1765,0.13,0.05334,0.2533,0.08468
